,ASD,TD,accuracy,macro avg,weighted avg
precision,0.5504201680672269,0.6270783847980997,0.5993930197268589,0.5887492764326634,0.5935767665606317
recall,0.4548611111111111,0.7115902964959568,0.5993930197268589,0.583225703803534,0.5993930197268589
f1-score,0.4980988593155893,0.6666666666666666,0.5993930197268589,0.582382762991128,0.5929981863675615
support,288.0,371.0,0.5993930197268589,659.0,659.0
