,ASD,TD,accuracy,macro avg,weighted avg
precision,0.4311475409836066,0.4897959183673469,0.4355083459787557,0.4604717296754768,0.4641650645183072
recall,0.9131944444444444,0.0646900269541779,0.4355083459787557,0.48894223569931117,0.4355083459787557
f1-score,0.5857461024498887,0.11428571428571428,0.4355083459787557,0.3500159083678015,0.3203260660175538
support,288.0,371.0,0.4355083459787557,659.0,659.0
