,ASD,TD,accuracy,macro avg,weighted avg
precision,0.618421052631579,0.7183098591549296,0.6722306525037937,0.6683654558932544,0.6746558739064851
recall,0.6527777777777778,0.6873315363881402,0.6722306525037937,0.670054657082959,0.6722306525037937
f1-score,0.6351351351351351,0.7024793388429752,0.6722306525037937,0.6688072369890552,0.6730481845670148
support,288.0,371.0,0.6722306525037937,659.0,659.0
