,ASD,TD,accuracy,macro avg,weighted avg
precision,0.5141242937853108,0.6524590163934426,0.5781487101669196,0.5832916550893767,0.5920031740396612
recall,0.6319444444444444,0.5363881401617251,0.5781487101669196,0.5841662923030848,0.5781487101669196
f1-score,0.5669781931464175,0.5887573964497042,0.5781487101669196,0.5778677947980608,0.5792393227754302
support,288.0,371.0,0.5781487101669196,659.0,659.0
