,ASD,TD,accuracy,macro avg,weighted avg
precision,0.7289719626168224,0.8402366863905325,0.7860394537177542,0.7846043245036775,0.791611131842993
recall,0.8125,0.7654986522911051,0.7860394537177542,0.7889993261455526,0.7860394537177542
f1-score,0.7684729064039408,0.8011283497884344,0.7860394537177542,0.7848006280961877,0.786857078627988
support,288.0,371.0,0.7860394537177542,659.0,659.0
